{"mean": 0.06851237770716932, "std": 0.18061374928940044}