{"mean": 64.90972316783953, "std": 175.3513303237226}